keyword,category
Amazon,ネット通販
AMAZON,ネット通販
楽天市場,ネット通販
RAKUTEN,ネット通販
イオン,食費
AEON,食費
ヨークベニマル,食費
セブン,コンビニ
ローソン,コンビニ
ファミリーマート,コンビニ
ENEOS,車・ガソリン
出光,車・ガソリン
JR,交通費
SUICA,交通費
マツキヨ,日用品
ウエルシア,日用品
西松屋,育児
アカチャンホンポ,育児
ジャパンミ,食費
ジヤパンミ,食費
業務スーパー,食費
たいらや,食費
ウオロク,食費
フードウェイ,食費
ダイド,食費
カルディ,食費
ダイソー,日用品
セリア,日用品
3COINS,日用品
ドン・キホーテ,日用品
ジョイホン,日用品
ジヨイホン,日用品
ジョイフル本田,日用品
クスリのアオキ,日用品
クスリノアオキ,日用品
スギ薬局,日用品
ドラッグセイムス,日用品
マツモトキヨシ,日用品
ビバホーム,日用品
ニトリ,日用品
ロフト,日用品
イケア,日用品
ETC,交通費
NewDays,コンビニ
メルカリ,ネット通販
AMZ*,ネット通販
Yahoo!フリマ,ネット通販
ギフトモール,ネット通販
ニチガス,ガス代
楽天証券投信積立,投資
楽天キャッシュ,投資
NISA,投資
DAZN,娯楽
ダゾーン,娯楽
ニンテンドーEショップ,娯楽
TSUTAYA,娯楽
ツタヤ,娯楽
東京ディズニーリゾート,娯楽
ユニバーサルスタジオ,娯楽
サンリオ,娯楽
ジーユー,衣服
ユニクロ,衣服
しまむら,衣服
ハニーズ,衣服
サイゼリヤ,外食
大戸屋,外食
すき家,外食
丸亀製麺,外食
コメダ珈琲,外食
マクドナルド,外食
バーミヤン,外食
吉野家,外食
丸亀製麺,外食
ガスト,外食
スターバックス,外食
ﾆﾝﾃﾝﾄﾞｰEｼｮｯﾌﾟ,娯楽
ﾀﾞｿﾞｰﾝ･ｼﾞｬﾊﾟﾝ･ｲﾝﾍ,サブスク
楽天トラベル,旅行
Adobe,サブスク
OPENAI,サブスク
chocoZAP,健康
クリニック,医療費
歯科,医療費
キタムラ/マリオ,写真
ｱｿﾋﾞﾕ-,娯楽
サンリオ　ピューロランド,娯楽
イエローハット,車・ガソリン
ケーズデンキ,家電
日本郵便,通信費
AGU HAIR,美容
SALON,美容
NAIL,美容
家賃,住居費
電気代,電気代
水道代,水道代
奨学金,奨学金返済
旅行,旅行
